insert into cliente values (1009000011, 1, "Rodrigez", "Pepe", "fe5i/PFsjWU0/+4VjImKacbXbnsiQ07+L49lGB5bq4fQ5u5lMiNXljo0s+oSV73N", "pepe@hotmail.com");
insert into cliente values (1008000022, 0, "Perez", "Juan", "fe5i/PFsjWU0/+4VjImKacbXbnsiQ07+L49lGB5bq4fQ5u5lMiNXljo0s+oSV73N", "juan@outlook.com");
insert into cliente values (1007000033, 0, "Gomez", "Luis", "fe5i/PFsjWU0/+4VjImKacbXbnsiQ07+L49lGB5bq4fQ5u5lMiNXljo0s+oSV73N", "luis@yahoo.com");
insert into cliente values (1006000044, 1, "Martinez", "Maria", "fe5i/PFsjWU0/+4VjImKacbXbnsiQ07+L49lGB5bq4fQ5u5lMiNXljo0s+oSV73N", "maria@gmail.com");
insert into cliente values (1005000055, 0, "Lopez", "Luisa", "fe5i/PFsjWU0/+4VjImKacbXbnsiQ07+L49lGB5bq4fQ5u5lMiNXljo0s+oSV73N", "luisa@google.com");

insert into cliente_imagenes values (1009000011,"https://res.cloudinary.com/dwu4xtiun/image/upload/v1668099880/unicine/clientes/cliente1_zfhe3z.jpg", "unicine/clientes/cliente1_zfhe3z");
insert into cliente_imagenes values (1008000022,"https://res.cloudinary.com/dwu4xtiun/image/upload/v1668099880/unicine/clientes/cliente2_rpyvof.jpg", "unicine/clientes/cliente2_rpyvof");
insert into cliente_imagenes values (1007000033,"https://res.cloudinary.com/dwu4xtiun/image/upload/v1668099880/unicine/clientes/cliente3_nad9sh.jpg", "unicine/clientes/cliente3_nad9sh");
insert into cliente_imagenes values (1006000044,"https://res.cloudinary.com/dwu4xtiun/image/upload/v1668100350/unicine/clientes/cliente4_jspbf9.jpg", "unicine/clientes/cliente4_jspbf9");
insert into cliente_imagenes values (1005000055,"https://res.cloudinary.com/dwu4xtiun/image/upload/v1668099880/unicine/clientes/cliente5_akhhrd.jpg", "unicine/clientes/cliente5_akhhrd");

insert into cliente_telefonos values (1009000011, "3146832477");
insert into cliente_telefonos values (1009000011, "3008245984");
insert into cliente_telefonos values (1008000022, "3176857415");
insert into cliente_telefonos values (1007000033, "3126845287");
insert into cliente_telefonos values (1006000044, "3139847645");
insert into cliente_telefonos values (1005000055, "3101036478");